 month,GPP_m,NPP_m,Reco_m,NEE_m,Rh_m,Ra_m,RLEAV_m, RWOOD_m,RROOT_m,Rh4_m,Rh5_m,Rh6_m,Rh7_m,Rh8_m,pheno,NSC_yr,add_yr,store_yr, QC(1),QC(2),QC(3),QC(4),QC(5),QC(6),QC(7),QC(8), wcl(1),wcl(2),wcl(3),zwt,thawd,snowd,  ch4emission,ch4pro,ch4oxi,ch4difu,ch4ebusat,ch4pla, ch4v1,ch4v2,ch4v3,ch4v4,ch4v5,ch4v6,ch4v7,ch4v8,ch4v9,ch4v10,unsatebu
      1,         0.0000,         0.0000,         1.0184,         1.0184,         0.9562,        -0.0621,         0.0462,         0.0038,         0.0121,         0.2541,         0.0195,         0.4313,         0.2302,         0.0211,       136.0000,        15.2736,         0.0000,         0.0768,       150.6200,       160.0498,       174.8344,       291.8647,       260.2038,       461.1541,     82097.2656,     72501.8984,         0.9287,         0.9477,         0.9483,       -54.2317,       150.0000,         0.2120,         0.0174,         0.0534,         0.0094,         0.0081,         0.0002,         0.0090,         0.0088,         1.8768,         4.0559,         5.9643,         7.1782,         7.7314,         7.8387,         7.8999,         7.9639,         8.0295,         0.0000
      2,         0.0000,         0.0000,         0.0000,         0.0000,         0.0000,         0.0000,         0.0000,         0.0000,         0.0000,         0.0000,         0.0000,         0.0000,         0.0000,         0.0000,         0.0000,         0.0000,         0.0000,         0.0000,         0.0000,         0.0000,         0.0000,         0.0000,         0.0000,         0.0000,         0.0000,         0.0000,         0.0000,         0.0000,         0.0000,         0.0000,         0.0000,         0.0000,         0.0000,         0.0000,         0.0000,         0.0000,         0.0000,         0.0000,         0.0000,         0.0000,         0.0000,         0.0000,         0.0000,         0.0000,         0.0000,         0.0000,         0.0000,         0.0000,         0.0000
      3,         0.0000,         0.0000,         0.5998,         0.5998,         0.5979,        -0.0019,         0.0014,         0.0001,         0.0004,         0.1661,         0.0121,         0.2652,         0.1415,         0.0130,       136.0000,        15.2736,         0.0000,         0.0768,       138.8091,       158.1475,       167.5256,       302.0384,       261.1479,       461.5175,     82091.4531,     72501.8984,         0.9529,         0.9448,         0.9465,       -48.2542,       150.0000,         0.4940,         0.0141,         0.0346,         0.0047,         0.0082,         0.0000,         0.0059,         0.0067,         1.9578,         4.0852,         5.8891,         7.2584,         7.8535,         7.9537,         8.0087,         8.0667,         8.1264,         0.0000
      4,         0.0000,         0.0000,         0.6072,         0.6072,         0.6039,        -0.0032,         0.0023,         0.0002,         0.0007,         0.1718,         0.0122,         0.2655,         0.1415,         0.0130,       136.0000,        15.2736,         0.0000,         0.0768,       127.9233,       156.2738,       160.5456,       310.6467,       262.0609,       462.0432,     82085.6406,     72501.8984,         0.9252,         0.9415,         0.9443,       -56.9460,       150.0000,         0.5318,         0.0115,         0.0342,         0.0071,         0.0056,         0.0000,         0.0059,         0.0085,         1.9610,         4.1302,         5.8351,         7.2649,         7.9177,         8.0256,         8.0823,         8.1403,         8.1992,         0.0000
      5,         0.0000,         0.0000,         0.8577,         0.8577,         0.7367,        -0.1211,         0.0877,         0.0096,         0.0238,         0.2164,         0.0151,         0.3196,         0.1700,         0.0156,       136.0000,        15.2736,         0.0000,         0.0768,       118.2680,       154.4780,       154.0837,       315.9017,       262.8281,       462.9142,     82077.8359,     72503.8047,         0.9526,         0.9349,         0.9402,        15.0128,       150.0000,         0.0099,         0.0339,         0.0558,         0.0013,         0.0240,         0.0000,         0.0100,         0.0457,         1.4949,         3.9524,         5.6111,         7.1410,         8.0219,         8.1577,         8.2255,         8.2881,         8.3482,         0.0000
      6,         0.0000,         1.9816,         2.7477,         2.7477,         1.6958,        -1.0519,         0.8465,         0.0861,         0.1193,         0.5020,         0.0353,         0.7338,         0.3889,         0.0357,       129.0000,        15.2736,         0.0000,         0.0768,       161.2211,       154.8993,       156.5661,       306.2293,       262.4644,       465.1204,     82054.8438,     72513.1484,         0.9527,         0.9361,         0.9406,       -41.1747,       150.0000,         0.0000,         0.0701,         0.1336,         0.0197,         0.0263,         0.0096,         0.0342,         0.0367,         1.0172,         3.2565,         4.4095,         6.1761,         8.1571,         8.4506,         8.5934,         8.7026,         8.7874,         0.0000
      7,         0.0000,         1.3699,         4.5464,         4.5464,         2.5467,        -1.9997,         1.5580,         0.1565,         0.2852,         0.7259,         0.0535,         1.1217,         0.5914,         0.0543,       129.0000,        15.2736,         0.0000,         0.0768,       176.8979,       157.6702,       168.2036,       285.9596,       261.0001,       467.2458,     82017.9844,     72529.1328,         0.9525,         0.9315,         0.9378,        13.7461,       150.0000,         0.0000,         0.1355,         0.2498,         0.0209,         0.0695,         0.0197,         0.0462,         0.2487,         1.6932,         3.6547,         4.6572,         6.2118,         8.4225,         8.8053,         8.9950,         9.1477,         9.2709,         0.0000
      8,         0.0000,         1.9496,         6.4654,         6.4654,         3.7340,        -2.7314,         2.0826,         0.2146,         0.4342,         0.9879,         0.0799,         1.6939,         0.8904,         0.0819,       129.0000,        15.2736,         0.0000,         0.0768,       193.5608,       162.1055,       186.0242,       251.0944,       257.9598,       466.9283,     81962.4297,     72545.5391,         0.9525,         0.9321,         0.9380,        32.6066,       150.0000,         0.0000,         0.2659,         0.4560,         0.0240,         0.1562,         0.0351,         0.0746,         0.2910,         2.2746,         4.9420,         5.7252,         6.7516,         9.1267,         9.5018,         9.6828,         9.8382,         9.9702,         0.0000
      9,         0.0000,         1.3051,         5.9981,         5.9981,         3.2695,        -2.7286,         2.1985,         0.1978,         0.3323,         0.7875,         0.0704,         1.5298,         0.8075,         0.0743,       129.0000,        15.2736,         0.0000,         0.0768,       204.4624,       165.5972,       199.5759,       230.1333,       255.5289,       463.3746,     81912.0859,     72559.2500,         0.8479,         0.9350,         0.9400,       -71.6160,       150.0000,         0.0000,         0.2307,         0.3748,         0.0294,         0.1050,         0.0541,         0.0716,         0.0112,         1.7484,         4.6432,         5.4291,         6.4717,         9.0201,         9.4092,         9.5883,         9.7472,         9.8881,         0.0000
     10,         0.0000,         0.0000,         3.9324,         3.9324,         1.7581,        -2.1743,         1.8512,         0.1370,         0.1861,         0.4016,         0.0372,         0.8349,         0.4436,         0.0409,       129.0000,        15.2736,         0.0000,         0.0768,       199.2123,       166.0803,       200.9469,       231.9377,       254.9380,       460.7262,     81885.4766,     72571.0938,         0.7356,         0.8803,         0.9404,       -93.2192,       150.0000,         0.0000,         0.0603,         0.1259,         0.0218,         0.0021,         0.0148,         0.0434,         0.0064,         0.6858,         3.4230,         4.3055,         5.5996,         8.0200,         8.4277,         8.6215,         8.7957,         8.9520,         0.0000
     11,         0.0000,         0.2531,         3.0106,         3.0106,         1.2917,        -1.7189,         1.4033,         0.1093,         0.2063,         0.2987,         0.0271,         0.6103,         0.3257,         0.0300,       129.0000,        15.2736,         0.0000,         0.0768,       188.0195,       165.0790,       196.3411,       239.8416,       255.0775,       459.0076,     81865.8359,     72578.8672,         0.9258,         0.9374,         0.9421,       -57.6920,       150.0000,         0.0004,         0.0428,         0.0990,         0.0175,         0.0088,         0.0042,         0.0298,         0.0107,         0.7120,         3.2926,         4.3475,         5.6610,         7.5462,         7.9097,         8.0855,         8.2440,         8.3865,         0.0000
     12,         0.0000,         0.0000,         1.5111,         1.5111,         0.7964,        -0.7147,         0.5431,         0.0420,         0.1296,         0.1901,         0.0164,         0.3724,         0.1992,         0.0184,       129.0000,        15.2736,         0.0000,         0.0768,       171.0069,       162.8472,       187.0255,       255.8558,       256.0574,       458.2200,     81857.0469,     72580.9062,         0.9502,         0.9455,         0.9470,       -52.3381,       150.0000,         0.1000,         0.0191,         0.0513,         0.0082,         0.0051,         0.0022,         0.0119,         0.0085,         1.5127,         4.0032,         5.5602,         6.5907,         7.4077,         7.6212,         7.7322,         7.8420,         7.9488,         0.0000
     13,         0.0000,         0.0000,         1.2292,         1.2292,         0.9533,        -0.2759,         0.2050,         0.0171,         0.0538,         0.2437,         0.0196,         0.4353,         0.2332,         0.0215,       129.0000,        17.3311,         0.0000,         0.0872,       149.9015,       159.7411,       174.5957,       276.3336,       257.6066,       457.9728,     81847.6719,     72580.9062,         0.9226,         0.9471,         0.9479,       -55.6505,       150.0000,         0.2191,         0.0185,         0.0554,         0.0100,         0.0079,         0.0015,         0.0091,         0.0062,         1.8557,         4.1047,         6.2135,         7.2013,         7.6788,         7.7703,         7.8228,         7.8831,         7.9484,         0.0000
     14,         0.0000,         0.0000,         0.0000,         0.0000,         0.0000,         0.0000,         0.0000,         0.0000,         0.0000,         0.0000,         0.0000,         0.0000,         0.0000,         0.0000,         0.0000,         0.0000,         0.0000,         0.0000,         0.0000,         0.0000,         0.0000,         0.0000,         0.0000,         0.0000,         0.0000,         0.0000,         0.0000,         0.0000,         0.0000,         0.0000,         0.0000,         0.0000,         0.0000,         0.0000,         0.0000,         0.0000,         0.0000,         0.0000,         0.0000,         0.0000,         0.0000,         0.0000,         0.0000,         0.0000,         0.0000,         0.0000,         0.0000,         0.0000,         0.0000
     15,         0.0000,         0.0000,         0.5848,         0.5848,         0.5848,         0.0000,         0.0000,         0.0000,         0.0000,         0.1570,         0.0120,         0.2624,         0.1405,         0.0130,       129.0000,        17.3311,         0.0000,         0.0872,       138.1458,       157.8282,       167.2437,       287.0800,       258.5738,       458.1367,     81841.8594,     72580.9062,         0.9529,         0.9457,         0.9471,       -47.5244,       150.0000,         0.4041,         0.0093,         0.0286,         0.0039,         0.0035,         0.0000,         0.0058,         0.0078,         1.8943,         4.1986,         6.2860,         7.3250,         7.8246,         7.9034,         7.9461,         7.9961,         8.0513,         0.0000
     16,         0.0000,         0.0213,         0.7087,         0.7087,         0.5892,        -0.1195,         0.0868,         0.0093,         0.0233,         0.1628,         0.0120,         0.2616,         0.1400,         0.0129,       129.0000,        17.3311,         0.0000,         0.0872,       127.8644,       156.0480,       160.6375,       296.1326,       259.5080,       458.4978,     81836.0469,     72580.9062,         0.9528,         0.9415,         0.9446,        12.8189,       150.0000,         0.2173,         0.0211,         0.0363,         0.0010,         0.0150,         0.0001,         0.0060,         0.0316,         1.9194,         4.2429,         6.2884,         7.4035,         7.9433,         8.0254,         8.0676,         8.1169,         8.1717,         0.0000
     17,         0.0000,         2.0420,         1.2149,         1.2149,         0.7125,        -0.5024,         0.3976,         0.0345,         0.0703,         0.2040,         0.0147,         0.3118,         0.1667,         0.0154,        94.0000,        17.3311,         0.0000,         0.0872,       166.7755,       154.5568,       155.3732,       303.8875,       260.2872,       459.1967,     81828.2734,     72582.4766,         0.9527,         0.9378,         0.9417,       -17.5706,       150.0000,         0.0000,         0.0365,         0.0527,         0.0020,         0.0230,         0.0033,         0.0102,         0.0421,         1.5624,         4.2487,         6.0788,         7.2955,         8.0507,         8.1554,         8.2063,         8.2602,         8.3187,         0.0000
     18,         0.0000,         0.4807,         3.2476,         3.2476,         1.6783,        -1.5693,         1.2624,         0.1145,         0.1924,         0.4880,         0.0351,         0.7303,         0.3891,         0.0359,        94.0000,        17.3311,         0.0000,         0.0872,       167.9661,       155.6561,       160.4661,       297.1743,       259.9019,       461.1862,     81804.6797,     72591.6094,         0.9525,         0.9321,         0.9384,        12.6341,       150.0000,         0.0000,         0.0901,         0.1448,         0.0110,         0.0433,         0.0091,         0.0377,         0.1079,         0.9366,         3.1604,         4.4505,         6.1906,         8.1923,         8.4755,         8.6096,         8.7119,         8.7918,         0.0000
     19,         0.0000,         1.4235,         5.1580,         5.1580,         2.7335,        -2.4245,         1.9009,         0.1897,         0.3340,         0.7666,         0.0579,         1.2089,         0.6409,         0.0591,        94.0000,        17.3311,         0.0000,         0.0872,       181.7407,       159.3652,       175.6702,       275.2031,       258.2145,       463.0920,     81765.8750,     72607.0469,         0.9526,         0.9339,         0.9391,         6.2046,       150.0000,         0.0000,         0.1746,         0.2972,         0.0174,         0.0993,         0.0236,         0.0517,         0.2336,         1.7422,         3.8785,         4.8020,         6.2670,         8.5177,         8.8959,         9.0810,         9.2310,         9.3530,         0.0000
     20,         0.0000,         2.0808,         6.6783,         6.6783,         3.5464,        -3.1319,         2.4199,         0.2432,         0.4688,         0.9210,         0.0760,         1.6156,         0.8548,         0.0789,        94.0000,        17.3311,         0.0000,         0.0872,       198.8970,       163.9587,       193.8883,       245.6316,       255.4713,       462.3552,     81713.1719,     72622.3203,         0.9527,         0.9356,         0.9402,       -40.0742,       150.0000,         0.0000,         0.1997,         0.3958,         0.0430,         0.1003,         0.0311,         0.0682,         0.0711,         2.0208,         4.7753,         5.5354,         6.6017,         9.0120,         9.3937,         9.5764,         9.7338,         9.8686,         0.0000
     21,         0.0000,         0.9963,         5.7088,         5.7088,         2.7999,        -2.9089,         2.3941,         0.2129,         0.3019,         0.6699,         0.0598,         1.3100,         0.6958,         0.0643,        94.0000,        17.3311,         0.0000,         0.0872,       207.8140,       167.0966,       205.8350,       232.1308,       253.6763,       459.4719,     81670.0859,     72636.7422,         0.7961,         0.9328,         0.9384,       -79.6862,       150.0000,         0.0000,         0.1421,         0.2734,         0.0454,         0.0421,         0.0401,         0.0600,         0.0070,         1.4187,         4.1897,         4.9844,         6.1552,         8.6710,         9.0747,         9.2642,         9.4303,         9.5765,         0.0000
     22,         0.0000,         0.1814,         3.7489,         3.7489,         1.5229,        -2.2260,         1.8569,         0.1402,         0.2290,         0.3488,         0.0317,         0.7215,         0.3852,         0.0356,        94.0000,        17.3311,         0.0000,         0.0872,       202.8413,       167.7424,       207.6924,       236.9222,       253.3343,       457.3906,     81646.0859,     72646.2734,         0.7323,         0.7600,         0.9312,      -120.4446,       150.0000,         0.0000,         0.0461,         0.0999,         0.0303,         0.0033,         0.0103,         0.0326,         0.0086,         0.0211,         3.1262,         4.0717,         5.4599,         7.7847,         8.1990,         8.4013,         8.5764,         8.7268,         0.0024
     23,         0.0000,         0.0000,         2.4327,         2.4327,         0.9875,        -1.4452,         1.1769,         0.0855,         0.1827,         0.2320,         0.0202,         0.4639,         0.2485,         0.0230,        94.0000,        17.3311,         0.0000,         0.0872,       187.6897,       166.0824,       200.3845,       248.0500,       253.7435,       456.3044,     81631.0625,     72652.0859,         0.8766,         0.9413,         0.9446,       -65.3327,       150.0000,         0.0209,         0.0338,         0.0630,         0.0108,         0.0027,         0.0090,         0.0221,         0.0074,         0.6316,         3.0262,         4.0943,         5.5740,         7.3905,         7.7517,         7.9298,         8.0798,         8.2039,         0.0000
     24,         0.0000,         0.0000,         1.5212,         1.5212,         0.8269,        -0.6943,         0.5247,         0.0408,         0.1288,         0.2026,         0.0168,         0.3830,         0.2055,         0.0190,        94.0000,        17.3311,         0.0000,         0.0872,       170.7069,       163.7780,       190.6303,       263.7154,       254.7547,       455.7320,     81620.8438,     72655.5547,         0.9528,         0.9427,         0.9455,       -50.3239,       150.0000,         0.0347,         0.0329,         0.0599,         0.0072,         0.0126,         0.0079,         0.0124,         0.0086,         1.3461,         3.3603,         5.1457,         6.4834,         7.3891,         7.6183,         7.7362,         7.8424,         7.9378,         0.0000
     25,         0.0000,         0.0000,         1.0935,         1.0935,         0.9607,        -0.1328,         0.0982,         0.0082,         0.0263,         0.2515,         0.0195,         0.4347,         0.2334,         0.0216,        94.0000,        16.0089,         0.0000,         0.0805,       149.6386,       160.6305,       177.8655,       283.9904,       256.3387,       455.7554,     81611.4688,     72655.5547,         0.9530,         0.9468,         0.9477,       -45.5853,       150.0000,         0.2321,         0.0218,         0.0589,         0.0081,         0.0120,         0.0012,         0.0085,         0.0106,         1.7962,         3.7834,         5.7352,         7.1022,         7.6844,         7.7924,         7.8503,         7.9110,         7.9733,         0.0000
     26,         0.0000,         0.0000,         0.0000,         0.0000,         0.0000,         0.0000,         0.0000,         0.0000,         0.0000,         0.0000,         0.0000,         0.0000,         0.0000,         0.0000,         0.0000,         0.0000,         0.0000,         0.0000,         0.0000,         0.0000,         0.0000,         0.0000,         0.0000,         0.0000,         0.0000,         0.0000,         0.0000,         0.0000,         0.0000,         0.0000,         0.0000,         0.0000,         0.0000,         0.0000,         0.0000,         0.0000,         0.0000,         0.0000,         0.0000,         0.0000,         0.0000,         0.0000,         0.0000,         0.0000,         0.0000,         0.0000,         0.0000,         0.0000,         0.0000
     27,         0.0000,         0.0000,         0.5857,         0.5857,         0.5857,        -0.0000,         0.0000,         0.0000,         0.0000,         0.1607,         0.0119,         0.2605,         0.1397,         0.0129,        94.0000,        16.0089,         0.0000,         0.0805,       137.9035,       158.7212,       170.4305,       294.5687,       257.3051,       456.0783,     81605.6562,     72655.5547,         0.9031,         0.9427,         0.9453,       -60.7450,       150.0000,         0.4258,         0.0099,         0.0291,         0.0048,         0.0039,         0.0005,         0.0056,         0.0049,         1.8272,         3.9470,         5.7432,         7.1941,         7.8170,         7.9124,         7.9594,         8.0102,         8.0637,         0.0000
     28,         0.0000,         0.0000,         0.5883,         0.5883,         0.5858,        -0.0025,         0.0018,         0.0002,         0.0005,         0.1650,         0.0118,         0.2579,         0.1382,         0.0128,        94.0000,        16.0089,         0.0000,         0.0805,       127.0890,       156.8561,       163.3865,       303.5743,       258.2348,       456.5713,     81599.8438,     72655.5547,         0.9528,         0.9396,         0.9433,       -21.5869,       150.0000,         0.4547,         0.0094,         0.0287,         0.0048,         0.0038,         0.0000,         0.0056,         0.0110,         1.8096,         4.0061,         5.7227,         7.2300,         7.9022,         8.0045,         8.0527,         8.1025,         8.1539,         0.0000
     29,         0.0000,         0.0000,         0.6237,         0.6237,         0.5915,        -0.0322,         0.0226,         0.0025,         0.0071,         0.1700,         0.0119,         0.2584,         0.1383,         0.0128,        94.0000,        16.0089,         0.0000,         0.0805,       117.2713,       155.0054,       156.6172,       311.0965,       259.1563,       457.2172,     81594.0312,     72655.5547,         0.9527,         0.9373,         0.9417,        27.3741,       150.0000,         0.0000,         0.0231,         0.0400,         0.0012,         0.0174,         0.0000,         0.0057,         0.0222,         1.8510,         3.9561,         5.6484,         7.2736,         7.9888,         8.1014,         8.1539,         8.2062,         8.2594,         0.0000
     30,         0.0000,         1.4914,         1.7377,         1.7377,         1.0285,        -0.7092,         0.5609,         0.0617,         0.0866,         0.3083,         0.0214,         0.4414,         0.2357,         0.0218,       136.0000,        16.0089,         0.0000,         0.0805,       146.9094,       154.7645,       156.4159,       311.2424,       259.5683,       458.8195,     81580.9297,     72659.7031,         0.9527,         0.9356,         0.9406,       -22.1079,       150.0000,         0.0000,         0.0473,         0.0794,         0.0064,         0.0264,         0.0021,         0.0188,         0.0420,         0.9392,         3.5416,         5.0958,         6.7856,         8.1299,         8.2931,         8.3656,         8.4361,         8.5097,         0.0000
     31,         0.0000,         1.5416,         3.9456,         3.9456,         2.2491,        -1.6965,         1.3503,         0.1333,         0.2129,         0.6628,         0.0472,         0.9741,         0.5171,         0.0479,       136.0000,        16.0089,         0.0000,         0.0805,       174.9938,       157.5410,       168.1129,       294.4105,       258.4979,       461.7974,     81549.4766,     72672.5156,         0.9525,         0.9325,         0.9384,       -42.4371,       150.0000,         0.0000,         0.1243,         0.2210,         0.0168,         0.0717,         0.0096,         0.0430,         0.0549,         1.4743,         3.4149,         4.5495,         6.2492,         8.4085,         8.7376,         8.8928,         9.0172,         9.1194,         0.0000
     32,         0.0000,         1.5315,         5.5195,         5.5195,         3.1031,        -2.4164,         1.8749,         0.1870,         0.3545,         0.8519,         0.0654,         1.3862,         0.7318,         0.0678,       136.0000,        16.0089,         0.0000,         0.0805,       188.3097,       161.2805,       183.1447,       267.3877,       256.3015,       463.1144,     81503.6250,     72686.6953,         0.9290,         0.9327,         0.9385,       -59.1856,       150.0000,         0.0000,         0.2059,         0.3540,         0.0191,         0.1241,         0.0183,         0.0635,         0.0215,         1.4685,         4.2006,         5.0812,         6.3466,         8.7177,         9.1091,         9.3027,         9.4644,         9.5977,         0.0000
     33,         0.0000,         1.4148,         5.5625,         5.5625,         2.7052,        -2.8572,         2.2873,         0.2138,         0.3561,         0.6969,         0.0572,         1.2375,         0.6531,         0.0606,       136.0000,        16.0089,         0.0000,         0.0805,       199.9726,       164.8487,       197.1283,       251.1820,       254.6328,       462.2714,     81463.1562,     72701.8359,         0.9526,         0.9352,         0.9403,       -38.9566,       150.0000,         0.0000,         0.1060,         0.2467,         0.0421,         0.0332,         0.0208,         0.0520,         0.0595,         1.6250,         4.1837,         5.0295,         6.2490,         8.6238,         9.0288,         9.2263,         9.3953,         9.5395,         0.0000
     34,         0.0000,         0.7570,         4.2505,         4.2505,         2.1520,        -2.0985,         1.7169,         0.1446,         0.2371,         0.5253,         0.0450,         1.0023,         0.5303,         0.0492,       136.0000,        16.0089,         0.0000,         0.0805,       202.0547,       166.5826,       203.4066,       246.4504,       253.7406,       460.3844,     81430.7188,     72715.9219,         0.9528,         0.9393,         0.9427,       -31.5180,       150.0000,         0.0000,         0.0963,         0.1891,         0.0360,         0.0190,         0.0297,         0.0476,         0.0340,         0.9224,         3.4904,         4.4158,         5.7680,         8.1697,         8.5847,         8.7891,         8.9640,         9.1123,         0.0000
     35,         0.0000,         0.0829,         2.3231,         2.3231,         1.1622,        -1.1608,         0.9304,         0.0695,         0.1609,         0.2798,         0.0237,         0.5435,         0.2885,         0.0268,       136.0000,        16.0089,         0.0000,         0.0805,       188.7137,       165.1162,       196.8999,       255.2943,       254.0720,       459.1785,     81412.9297,     72722.9531,         0.9529,         0.9438,         0.9459,       -37.1762,       150.0000,         0.0618,         0.0795,         0.1108,         0.0037,         0.0359,         0.0123,         0.0313,         0.0154,         0.7729,         3.0256,         4.2833,         5.7406,         7.6045,         7.9740,         8.1582,         8.3201,         8.4603,         0.0000
     36,         0.0000,         0.0000,         1.1873,         1.1873,         0.7705,        -0.4168,         0.3203,         0.0246,         0.0718,         0.1920,         0.0155,         0.3561,         0.1893,         0.0176,       136.0000,        16.0089,         0.0000,         0.0805,       171.6383,       162.8170,       187.2808,       271.5570,       255.1565,       458.6865,     81403.5469,     72725.5859,         0.9519,         0.9476,         0.9481,       -49.5913,       150.0000,         0.1720,         0.0239,         0.0511,         0.0080,         0.0084,         0.0062,         0.0093,         0.0038,         1.5141,         3.3627,         5.3938,         6.6636,         7.4753,         7.6929,         7.8085,         7.9167,         8.0161,         0.0000
     37,         0.0000,         0.0000,         0.9767,         0.9767,         0.9153,        -0.0614,         0.0456,         0.0038,         0.0120,         0.2433,         0.0184,         0.4134,         0.2199,         0.0204,       136.0000,        15.2782,         0.0000,         0.0768,       150.4551,       159.7065,       174.8147,       292.2235,       256.7830,       458.7537,     81393.5625,     72725.5859,         0.9339,         0.9465,         0.9476,       -53.6443,       150.0000,         0.2257,         0.0137,         0.0439,         0.0046,         0.0038,         0.0014,         0.0084,         0.0035,         1.7302,         3.7900,         5.8796,         7.1593,         7.7258,         7.8375,         7.8985,         7.9565,         8.0113,         0.0000
     38,         0.0000,         0.0000,         0.0000,         0.0000,         0.0000,         0.0000,         0.0000,         0.0000,         0.0000,         0.0000,         0.0000,         0.0000,         0.0000,         0.0000,         0.0000,         0.0000,         0.0000,         0.0000,         0.0000,         0.0000,         0.0000,         0.0000,         0.0000,         0.0000,         0.0000,         0.0000,         0.0000,         0.0000,         0.0000,         0.0000,         0.0000,         0.0000,         0.0000,         0.0000,         0.0000,         0.0000,         0.0000,         0.0000,         0.0000,         0.0000,         0.0000,         0.0000,         0.0000,         0.0000,         0.0000,         0.0000,         0.0000,         0.0000,         0.0000
     39,         0.0000,         0.0000,         0.5654,         0.5654,         0.5654,        -0.0000,         0.0000,         0.0000,         0.0000,         0.1576,         0.0114,         0.2508,         0.1333,         0.0124,       136.0000,        15.2782,         0.0000,         0.0768,       138.6559,       157.8141,       167.5276,       302.9314,       257.7677,       459.0929,     81387.7422,     72725.5859,         0.9529,         0.9457,         0.9471,       -49.3442,        31.2500,         0.4757,         0.0069,         0.0223,         0.0022,         0.0017,         0.0000,         0.0053,         0.0033,         1.5138,         3.8449,         5.8369,         7.2578,         7.8591,         7.9585,         8.0092,         8.0584,         8.1064,         0.0000
     40,         0.0000,         0.0000,         0.5967,         0.5967,         0.5933,        -0.0034,         0.0024,         0.0002,         0.0007,         0.1702,         0.0119,         0.2602,         0.1382,         0.0128,       136.0000,        15.2782,         0.0000,         0.0768,       127.7825,       155.9238,       160.4720,       311.7784,       258.7206,       459.6436,     81381.9297,     72725.5859,         0.9529,         0.9422,         0.9448,       -41.0881,        93.7500,         0.6507,         0.0078,         0.0250,         0.0030,         0.0026,         0.0000,         0.0051,         0.0080,         1.6464,         3.8325,         5.7111,         7.2770,         7.9485,         8.0509,         8.0996,         8.1487,         8.1986,         0.0000
     41,         0.0000,         0.0000,         0.6571,         0.6571,         0.6087,        -0.0483,         0.0342,         0.0037,         0.0104,         0.1783,         0.0122,         0.2648,         0.1404,         0.0130,       136.0000,        15.2782,         0.0000,         0.0768,       117.7948,       154.0614,       153.7334,       318.7844,       259.6214,       460.3845,     81376.1172,     72725.5859,         0.9529,         0.9415,         0.9442,        18.9477,       150.0000,         0.0577,         0.0188,         0.0348,         0.0015,         0.0133,         0.0000,         0.0055,         0.0349,         1.7931,         3.8625,         5.6056,         7.2986,         8.0262,         8.1355,         8.1859,         8.2396,         8.2971,         0.0000
     42,         0.0000,         1.3131,         2.1465,         2.1465,         1.2314,        -0.9151,         0.6935,         0.0816,         0.1400,         0.3755,         0.0256,         0.5264,         0.2782,         0.0258,       141.0000,        15.2782,         0.0000,         0.0768,       142.9782,       154.6376,       156.8730,       314.8437,       259.7860,       462.4600,     81360.1484,     72732.0859,         0.9527,         0.9362,         0.9409,        20.2843,       150.0000,         0.0000,         0.0627,         0.1025,         0.0061,         0.0386,         0.0013,         0.0228,         0.1443,         1.2433,         3.6916,         5.1180,         6.7858,         8.2186,         8.3832,         8.4583,         8.5383,         8.6262,         0.0000
     43,         0.0000,         2.2651,         4.9567,         4.9567,         2.8531,        -2.1036,         1.6048,         0.1644,         0.3344,         0.8272,         0.0593,         1.2495,         0.6561,         0.0610,       141.0000,        15.2782,         0.0000,         0.0768,       180.1560,       157.6965,       169.6348,       286.4204,       257.8469,       465.5006,     81318.2188,     72746.6953,         0.9524,         0.9318,         0.9379,        10.7174,       150.0000,         0.0000,         0.2666,         0.3488,         0.0010,         0.1472,         0.0588,         0.0606,         0.2338,         2.0886,         4.4233,         5.3173,         6.5552,         8.7340,         9.0439,         9.1869,         9.3039,         9.4113,         0.0000
     44,         0.0000,         0.8708,         6.2739,         6.2739,         3.6766,        -2.5973,         2.1531,         0.1931,         0.2512,         0.9602,         0.0767,         1.6790,         0.8788,         0.0818,       141.0000,        15.2782,         0.0000,         0.0768,       192.0910,       161.2151,       183.7799,       251.0068,       254.8087,       464.6844,     81261.6875,     72763.5781,         0.8807,         0.9318,         0.9379,       -67.0665,       150.0000,         0.0000,         0.2938,         0.4487,         0.0449,         0.1150,         0.1025,         0.0763,         0.0187,         2.2394,         5.2079,         5.9466,         6.8285,         9.2904,         9.6170,         9.7475,         9.8594,         9.9596,         0.0000
     45,         0.0000,         1.5810,         6.6895,         6.6895,         3.5283,        -3.1612,         2.5133,         0.2493,         0.3986,         0.8361,         0.0745,         1.6618,         0.8745,         0.0814,       141.0000,        15.2782,         0.0000,         0.0768,       205.1973,       165.1770,       199.2545,       225.1093,       251.9430,       460.2103,     81205.8828,     72779.8906,         0.9526,         0.9375,         0.9418,        -1.2725,       150.0000,         0.0000,         0.2679,         0.4116,         0.0489,         0.0724,         0.1200,         0.0755,         0.2259,         2.1259,         5.0971,         5.8123,         6.7245,         9.3677,         9.7178,         9.8406,         9.9425,        10.0338,         0.0000
     46,         0.0000,         0.4187,         4.4332,         4.4332,         2.4018,        -2.0313,         1.7119,         0.1324,         0.1871,         0.5271,         0.0500,         1.1542,         0.6134,         0.0572,       141.0000,        15.2782,         0.0000,         0.0768,       200.0052,       165.4644,       199.7699,       218.5651,       250.6014,       455.5687,     81166.2969,     72794.9297,         0.9522,         0.9366,         0.9415,       -30.7618,       150.0000,         0.0000,         0.2216,         0.2767,         0.0363,         0.0484,         0.1133,         0.0598,         0.0512,         1.3658,         4.2652,         5.0041,         6.0348,         8.5616,         8.9223,         9.0493,         9.1553,         9.2506,         0.0000
     47,         0.0000,         0.0198,         2.8021,         2.8021,         1.4296,        -1.3724,         1.1187,         0.0817,         0.1721,         0.3084,         0.0291,         0.6888,         0.3689,         0.0344,       141.0000,        15.2782,         0.0000,         0.0768,       187.3060,       164.1217,       193.8707,       225.1212,       250.5784,       452.7833,     81143.9922,     72804.3203,         0.9254,         0.9390,         0.9426,       -58.5822,       150.0000,         0.0000,         0.1242,         0.1314,         0.0219,         0.0108,         0.0715,         0.0419,         0.0115,         0.8250,         3.5390,         4.3138,         5.4138,         7.5883,         7.8981,         8.0064,         8.1105,         8.2032,         0.0000
     48,         0.0000,         0.0000,         1.2886,         1.2886,         0.7845,        -0.5041,         0.3797,         0.0294,         0.0950,         0.1706,         0.0154,         0.3769,         0.2028,         0.0189,       141.0000,        15.2782,         0.0000,         0.0768,       170.3580,       161.9771,       184.9736,       241.6456,       251.5316,       451.3535,     81133.6797,     72806.9688,         0.7820,         0.9453,         0.9466,       -78.8285,       150.0000,         0.0439,         0.0658,         0.0577,         0.0079,         0.0040,         0.0417,         0.0202,         0.0042,         1.1458,         4.1988,         5.2235,         5.9835,         6.9531,         7.0902,         7.1300,         7.2038,         7.2697,         0.0000
     49,         0.0000,         0.0000,         0.9536,         0.9536,         0.7073,        -0.2463,         0.1835,         0.0152,         0.0477,         0.1682,         0.0141,         0.3303,         0.1781,         0.0166,       141.0000,        15.9644,         0.0000,         0.0803,       149.3329,       159.6122,       175.5066,       263.1012,       252.7570,       450.7118,     81123.2422,     72807.3750,         0.9530,         0.9460,         0.9484,       -43.8767,       150.0000,         0.1474,         0.0245,         0.0437,         0.0055,         0.0039,         0.0084,         0.0122,         0.0048,         1.7471,         4.9200,         6.2082,         6.7328,         7.0012,         6.9676,         6.9392,         6.9644,         6.9888,         0.0000
     50,         0.0000,         0.0000,         0.0000,         0.0000,         0.0000,         0.0000,         0.0000,         0.0000,         0.0000,         0.0000,         0.0000,         0.0000,         0.0000,         0.0000,         0.0000,         0.0000,         0.0000,         0.0000,         0.0000,         0.0000,         0.0000,         0.0000,         0.0000,         0.0000,         0.0000,         0.0000,         0.0000,         0.0000,         0.0000,         0.0000,         0.0000,         0.0000,         0.0000,         0.0000,         0.0000,         0.0000,         0.0000,         0.0000,         0.0000,         0.0000,         0.0000,         0.0000,         0.0000,         0.0000,         0.0000,         0.0000,         0.0000,         0.0000,         0.0000
     51,         0.0000,         0.0000,         0.2142,         0.2142,         0.2142,         0.0000,         0.0000,         0.0000,         0.0000,         0.0536,         0.0042,         0.0983,         0.0531,         0.0049,       141.0000,        15.9644,         0.0000,         0.0803,       137.6216,       158.7592,       172.1801,       275.2989,       253.2495,       450.6323,     81117.2969,     72807.3750,         0.9530,         0.9356,         0.9500,       -49.9279,         0.0000,         0.1549,         0.0102,         0.0101,         0.0019,         0.0018,         0.0028,         0.0055,         0.0036,         1.5087,         4.8192,         6.3336,         6.8686,         7.0547,         6.9694,         6.9128,         6.9148,         6.9198,         0.0000
     52,         0.0000,         0.0000,         0.5268,         0.5268,         0.4921,        -0.0347,         0.0247,         0.0025,         0.0075,         0.1319,         0.0099,         0.2204,         0.1189,         0.0111,       141.0000,        15.9644,         0.0000,         0.0803,       126.9007,       157.1505,       166.0311,       285.0197,       254.0628,       450.8540,     81110.9922,     72807.5156,         0.9526,         0.9379,         0.9427,       -45.0008,       150.0000,         0.0000,         0.0156,         0.0286,         0.0029,         0.0065,         0.0035,         0.0056,         0.0125,         1.8813,         4.4869,         6.4390,         7.0733,         7.2920,         7.2065,         7.1479,         7.1415,         7.1390,         0.0000
     53,         0.0000,         1.1025,         1.1478,         1.1478,         0.6970,        -0.4508,         0.3389,         0.0361,         0.0758,         0.1924,         0.0141,         0.3086,         0.1663,         0.0155,       109.0000,        15.9644,         0.0000,         0.0803,       145.0115,       156.1648,       162.5809,       291.0154,       254.7598,       451.4776,     81102.5156,     72809.7812,         0.8163,         0.9330,         0.9390,       -76.2364,       150.0000,         0.0000,         0.0280,         0.0436,         0.0081,         0.0044,         0.0136,         0.0100,         0.0059,         1.5005,         4.3504,         6.1282,         6.9069,         7.4265,         7.3875,         7.3505,         7.3519,         7.3581,         0.0000
     54,         0.0000,         1.5951,         2.9852,         2.9852,         1.4862,        -1.4990,         1.1905,         0.1139,         0.1945,         0.4182,         0.0306,         0.6535,         0.3512,         0.0328,       109.0000,        15.9644,         0.0000,         0.0803,       171.0268,       157.2995,       167.5959,       287.0024,       254.5328,       452.9613,     81080.3906,     72818.3750,         0.9527,         0.9367,         0.9407,        -1.0291,       150.0000,         0.0000,         0.1109,         0.1462,         0.0042,         0.0482,         0.0258,         0.0369,         0.1012,         0.9726,         3.1894,         4.6847,         6.0114,         7.6730,         7.8033,         7.8392,         7.8782,         7.9177,         0.0000
     55,         0.0000,         1.3709,         5.2785,         5.2785,         2.7761,        -2.5025,         1.9828,         0.1941,         0.3255,         0.7556,         0.0579,         1.2381,         0.6626,         0.0619,       109.0000,        15.9644,         0.0000,         0.0803,       184.4475,       160.9637,       182.4027,       264.8013,       252.7543,       454.4561,     81038.5078,     72832.6875,         0.9504,         0.9341,         0.9395,       -54.4105,       150.0000,         0.0000,         0.1845,         0.3094,         0.0318,         0.0740,         0.0584,         0.0521,         0.0384,         1.8427,         4.1073,         5.1415,         6.2661,         8.3139,         8.5721,         8.6697,         8.7534,         8.8314,         0.0000
     56,         0.0000,         2.5131,         7.1474,         7.1474,         3.7225,        -3.4249,         2.6047,         0.2711,         0.5491,         0.9354,         0.0789,         1.7089,         0.9138,         0.0854,       109.0000,        15.9644,         0.0000,         0.0803,       203.0751,       165.8965,       201.7511,       233.7246,       249.7526,       452.9795,     80980.4375,     72849.3359,         0.8491,         0.9313,         0.9375,       -72.3760,       150.0000,         0.0000,         0.2566,         0.4363,         0.0586,         0.0817,         0.1025,         0.0724,         0.0124,         2.1850,         5.1322,         5.8428,         6.7472,         9.1393,         9.4390,         9.5490,         9.6448,         9.7327,         0.0000
     57,         0.0000,         3.0444,         7.0608,         7.0608,         3.9740,        -3.0869,         2.2088,         0.2506,         0.6275,         0.9139,         0.0860,         1.8720,         1.0078,         0.0943,       109.0000,        15.9644,         0.0000,         0.0803,       221.6960,       171.0893,       221.5369,       207.1171,       246.4507,       448.0602,     80917.2344,     72868.8906,         0.9526,         0.9332,         0.9388,       -51.8452,       150.0000,         0.0000,         0.2509,         0.4629,         0.0736,         0.0543,         0.1194,         0.0771,         0.0654,         2.5763,         5.3636,         6.0187,         6.9319,         9.5923,         9.9241,        10.0329,        10.1237,        10.2065,         0.0000
     58,         0.0000,         2.1350,         5.3738,         5.3738,         3.5257,        -1.8482,         1.2567,         0.1538,         0.4377,         0.7384,         0.0765,         1.6981,         0.9260,         0.0867,       109.0000,        15.9644,         0.0000,         0.0803,       229.7398,       174.3276,       233.0467,       191.3170,       243.6249,       441.0424,     80857.5078,     72887.5469,         0.8316,         0.9340,         0.9391,       -74.6853,       150.0000,         0.0000,         0.3296,         0.4580,         0.0466,         0.1036,         0.1420,         0.0840,         0.0111,         1.5456,         4.7570,         5.4500,         6.4802,         9.3747,         9.7403,         9.8540,         9.9452,        10.0287,         0.0000
     59,         0.0000,         1.2432,         3.4580,         3.4580,         1.9898,        -1.4683,         1.0884,         0.1124,         0.2674,         0.4047,         0.0424,         0.9619,         0.5310,         0.0498,       109.0000,        15.9644,         0.0000,         0.0803,       231.3033,       176.4279,       239.8047,       196.8552,       242.8782,       437.0540,     80824.8047,     72901.5234,         0.9524,         0.9373,         0.9415,       -23.5697,       150.0000,         0.0000,         0.1533,         0.1880,         0.0322,         0.0128,         0.0902,         0.0502,         0.0713,         1.1673,         3.8189,         4.5749,         5.6460,         8.1815,         8.5470,         8.6702,         8.7770,         8.8738,         0.0000
     60,         0.0000,         0.3201,         2.5266,         2.5266,         1.6457,        -0.8810,         0.7169,         0.0586,         0.1055,         0.3419,         0.0342,         0.7894,         0.4390,         0.0412,       109.0000,        15.9644,         0.0000,         0.0803,       215.4215,       175.0474,       232.2897,       210.7684,       243.0100,       434.1816,     80796.2656,     72911.6797,         0.9527,         0.9398,         0.9432,       -23.9588,       150.0000,         0.0000,         0.1570,         0.1694,         0.0180,         0.0321,         0.0754,         0.0495,         0.0340,         0.6961,         3.4378,         4.2530,         5.3025,         7.3836,         7.6861,         7.7930,         7.8975,         7.9909,         0.0000
     61,         0.0000,         0.0000,         1.5323,         1.5323,         1.1993,        -0.3329,         0.2635,         0.0187,         0.0507,         0.2627,         0.0241,         0.5664,         0.3165,         0.0297,       109.0000,        11.2779,         0.0000,         0.0567,       188.8420,       171.9348,       217.8710,       237.4856,       244.3018,       432.7522,     80777.5312,     72917.0703,         0.7402,         0.8515,         0.9423,       -97.8242,       150.0000,         0.0000,         0.0793,         0.0918,         0.0141,         0.0098,         0.0387,         0.0307,         0.0133,         0.4793,         4.2032,         5.3793,         6.0388,         6.8706,         6.9997,         7.0421,         7.1140,         7.1788,         0.0000
     62,         0.0000,         0.0000,         0.0000,         0.0000,         0.0000,         0.0000,         0.0000,         0.0000,         0.0000,         0.0000,         0.0000,         0.0000,         0.0000,         0.0000,         0.0000,         0.0000,         0.0000,         0.0000,         0.0000,         0.0000,         0.0000,         0.0000,         0.0000,         0.0000,         0.0000,         0.0000,         0.0000,         0.0000,         0.0000,         0.0000,         0.0000,         0.0000,         0.0000,         0.0000,         0.0000,         0.0000,         0.0000,         0.0000,         0.0000,         0.0000,         0.0000,         0.0000,         0.0000,         0.0000,         0.0000,         0.0000,         0.0000,         0.0000,         0.0000
     63,         0.0000,         0.8625,         0.5933,         0.5933,         0.5498,        -0.0435,         0.0331,         0.0026,         0.0078,         0.1319,         0.0110,         0.2524,         0.1412,         0.0133,        51.0000,        11.2779,         0.0000,         0.0567,       194.4785,       170.1875,       210.0608,       253.4356,       245.1940,       432.6069,     80770.6016,     72917.0938,         0.7452,         0.8604,         0.9413,       -94.8398,       150.0000,         0.0000,         0.0193,         0.0316,         0.0140,         0.0038,         0.0087,         0.0068,         0.0114,         0.4997,         4.3086,         5.7410,         6.3708,         6.9291,         6.9764,         6.9909,         7.0405,         7.0858,         0.0054
     64,         0.0000,         1.5716,         1.4515,         1.4515,         0.9161,        -0.5354,         0.4424,         0.0351,         0.0579,         0.2392,         0.0188,         0.4083,         0.2283,         0.0214,        51.0000,        11.2779,         0.0000,         0.0567,       217.1925,       169.1521,       205.2241,       266.0689,       245.7795,       433.1724,     80757.2500,     72921.8047,         0.9524,         0.9331,         0.9394,       -48.4317,       150.0000,         0.0000,         0.0373,         0.0650,         0.0115,         0.0057,         0.0103,         0.0213,         0.0129,         0.6624,         3.5141,         4.9025,         5.9584,         7.1647,         7.2435,         7.2653,         7.3081,         7.3465,         0.0000
     65,         0.0000,         1.1077,         3.0743,         3.0743,         1.3722,        -1.7021,         1.3211,         0.1254,         0.2556,         0.3706,         0.0281,         0.6046,         0.3373,         0.0317,        51.0000,        11.2779,         0.0000,         0.0567,       217.8859,       170.8370,       211.2813,       271.5665,       245.8639,       434.4970,     80736.2031,     72929.4141,         0.8313,         0.9286,         0.9358,       -75.4012,       150.0000,         0.0000,         0.0670,         0.1038,         0.0160,         0.0055,         0.0300,         0.0315,         0.0055,         0.7185,         2.8547,         4.2988,         5.5684,         7.3571,         7.5379,         7.5960,         7.6557,         7.7111,         0.0000
     66,         0.0000,         2.7821,         4.8978,         4.8978,         2.0912,        -2.8066,         2.0044,         0.2249,         0.5773,         0.5699,         0.0433,         0.9195,         0.5106,         0.0480,        51.0000,        11.2779,         0.0000,         0.0567,       233.3614,       175.8799,       230.5123,       266.2487,       244.9195,       436.6564,     80705.4375,     72942.9609,         0.7612,         0.7620,         0.8950,      -116.6368,       150.0000,         0.0000,         0.0302,         0.1280,         0.0803,         0.0041,         0.0038,         0.0223,         0.0370,         0.0398,         0.5413,         4.0747,         5.5829,         7.6617,         7.9380,         8.0423,         8.1321,         8.2150,         0.0354
     67,         0.0000,         3.0161,         5.8104,         5.8104,         3.2136,        -2.5967,         1.7629,         0.2144,         0.6195,         0.8449,         0.0669,         1.4348,         0.7925,         0.0745,        51.0000,        11.2779,         0.0000,         0.0567,       249.3519,       181.0985,       249.8282,       246.3176,       242.6602,       438.5562,     80655.6016,     72958.2188,         0.7527,         0.8938,         0.9371,       -90.4582,       150.0000,         0.0000,         0.0945,         0.2750,         0.0602,         0.0033,         0.0488,         0.0423,         0.0070,         1.6913,         3.8671,         4.9933,         6.1708,         8.5352,         8.8527,         8.9742,         9.0765,         9.1678,         0.0108
     68,         0.0000,         2.4937,         6.5474,         6.5474,         4.5295,        -2.0179,         1.3428,         0.1688,         0.5063,         1.0963,         0.0961,         2.0814,         1.1477,         0.1080,        51.0000,        11.2779,         0.0000,         0.0567,       258.3187,       184.8816,       262.7666,       212.2128,       238.7160,       437.0057,     80580.5625,     72982.5703,         0.9523,         0.9312,         0.9375,        10.1135,       150.0000,         0.0000,         0.3364,         0.5906,         0.0642,         0.1298,         0.1120,         0.0946,         0.4272,         2.7461,         5.6564,         6.2370,         7.1755,         9.9365,        10.2473,        10.3406,        10.4212,        10.4941,         0.0000
     69,         0.0000,         2.4586,         6.4467,         6.4467,         4.4568,        -1.9900,         1.3250,         0.1660,         0.4989,         0.9572,         0.0955,         2.1161,         1.1771,         0.1109,        51.0000,        11.2779,         0.0000,         0.0567,       265.9624,       188.4523,       274.5073,       186.5440,       234.7537,       430.5683,     80501.8438,     73009.0781,         0.9518,         0.9282,         0.9357,       -37.5463,       150.0000,         0.0000,         0.4405,         0.6389,         0.0488,         0.1716,         0.1579,         0.1110,         0.1243,         2.3072,         5.5287,         6.1155,         7.1612,        10.3873,        10.7336,        10.8152,        10.8792,        10.9395,         0.0000
     70,         0.0000,         2.4886,         5.4991,         5.4991,         3.4095,        -2.0896,         1.4099,         0.1717,         0.5080,         0.6807,         0.0730,         1.6417,         0.9268,         0.0874,        51.0000,        11.2779,         0.0000,         0.0567,       274.2227,       192.2327,       286.7242,       179.9151,       232.2947,       424.1142,     80440.4844,     73026.6875,         0.9520,         0.9300,         0.9372,       -47.0614,       150.0000,         0.0000,         0.3368,         0.4636,         0.0411,         0.1108,         0.1370,         0.0890,         0.0556,         1.6523,         4.5660,         5.2387,         6.3733,         9.6056,        10.0114,        10.1188,        10.1976,        10.2712,         0.0000
     71,         0.0000,         1.3415,         3.5642,         3.5642,         2.0458,        -1.5184,         1.1192,         0.1141,         0.2850,         0.4070,         0.0428,         0.9823,         0.5608,         0.0529,        51.0000,        11.2779,         0.0000,         0.0567,       272.7646,       194.2436,       291.8197,       190.8510,       231.6783,       420.6509,     80405.1641,     73040.7500,         0.7494,         0.8911,         0.9406,       -90.4693,       150.0000,         0.0000,         0.1704,         0.1927,         0.0355,         0.0072,         0.1076,         0.0556,         0.0089,         0.9220,         3.6644,         4.3877,         5.4697,         8.2461,         8.6422,         8.7640,         8.8642,         8.9557,         0.0000
     72,         0.0000,         0.5243,         2.5664,         2.5664,         1.4397,        -1.1267,         0.9084,         0.0744,         0.1440,         0.3023,         0.0293,         0.6806,         0.3906,         0.0369,        51.0000,        11.2779,         0.0000,         0.0567,       256.0140,       193.6432,       286.3037,       212.2808,       232.0343,       419.0646,     80381.2266,     73049.2266,         0.7589,         0.9214,         0.9414,       -85.6789,       150.0000,         0.0000,         0.0764,         0.1016,         0.0618,         0.0121,         0.0278,         0.0365,         0.0034,         0.6200,         3.0175,         4.0309,         5.0751,         7.2169,         7.5248,         7.6251,         7.7247,         7.8129,         0.0427
     73,         0.0000,         0.0000,         1.1182,         1.1182,         0.8218,        -0.2964,         0.2299,         0.0154,         0.0511,         0.1892,         0.0159,         0.3785,         0.2177,         0.0206,        51.0000,        13.9812,         0.0000,         0.0703,       224.4579,       190.5796,       270.4423,       249.9396,       233.7821,       418.8178,     80370.0156,     73049.3359,         0.8228,         0.9378,         0.9423,       -74.7719,       150.0000,         0.0000,         0.0352,         0.0496,         0.0254,         0.0099,         0.0126,         0.0128,         0.0033,         0.9112,         4.6613,         5.9809,         6.4338,         6.8891,         6.9421,         6.9514,         6.9993,         7.0413,         0.0159
     74,         0.0000,         0.0000,         0.0000,         0.0000,         0.0000,         0.0000,         0.0000,         0.0000,         0.0000,         0.0000,         0.0000,         0.0000,         0.0000,         0.0000,         0.0000,         0.0000,         0.0000,         0.0000,         0.0000,         0.0000,         0.0000,         0.0000,         0.0000,         0.0000,         0.0000,         0.0000,         0.0000,         0.0000,         0.0000,         0.0000,         0.0000,         0.0000,         0.0000,         0.0000,         0.0000,         0.0000,         0.0000,         0.0000,         0.0000,         0.0000,         0.0000,         0.0000,         0.0000,         0.0000,         0.0000,         0.0000,         0.0000,         0.0000,         0.0000
     75,         0.0000,         1.6541,         0.7771,         0.7771,         0.6064,        -0.1707,         0.1319,         0.0103,         0.0284,         0.1567,         0.0117,         0.2689,         0.1546,         0.0146,        44.0000,        13.9812,         0.0000,         0.0703,       245.6256,       188.6644,       260.7022,       270.4062,       234.8918,       419.3392,     80361.6406,     73050.6641,         0.7948,         0.9326,         0.9388,       -79.3010,       150.0000,         0.0000,         0.0261,         0.0380,         0.0056,         0.0022,         0.0110,         0.0128,         0.0037,         0.9797,         4.5856,         5.7941,         6.4071,         7.0301,         7.0445,         7.0399,         7.0696,         7.0977,         0.0000
     76,         0.0000,         1.1099,         1.2033,         1.2033,         0.7126,        -0.4907,         0.4132,         0.0299,         0.0476,         0.1980,         0.0138,         0.3077,         0.1765,         0.0167,        44.0000,        13.9812,         0.0000,         0.0703,       255.5484,       187.7464,       255.3290,       290.2695,       235.7799,       420.4809,     80352.8281,     73052.8203,         0.7334,         0.7498,         0.9222,      -118.9604,       150.0000,         0.0000,         0.0255,         0.0395,         0.0208,         0.0054,         0.0058,         0.0143,         0.0218,         0.0218,         3.8329,         5.2456,         6.1145,         7.1085,         7.1495,         7.1516,         7.1818,         7.2120,         0.0090
     77,         0.0000,         1.5280,         3.6358,         3.6358,         1.2775,        -2.3583,         1.8472,         0.1683,         0.3427,         0.3734,         0.0248,         0.5412,         0.3089,         0.0292,        44.0000,        13.9812,         0.0000,         0.0703,       256.6779,       190.3226,       263.9446,       300.3488,       236.0012,       423.1749,     80333.4297,     73058.6328,         0.7513,         0.7527,         0.8976,      -120.5812,       150.0000,         0.0000,         0.0239,         0.0679,         0.0588,         0.0042,         0.0000,         0.0196,         0.0267,         0.0220,         0.6642,         3.7901,         5.2767,         7.1916,         7.3750,         7.4296,         7.4847,         7.5364,         0.0262
     78,         0.0000,         2.9092,         5.4284,         5.4284,         1.9092,        -3.5191,         2.6356,         0.2646,         0.6189,         0.5695,         0.0372,         0.8044,         0.4552,         0.0430,        44.0000,        13.9812,         0.0000,         0.0703,       269.4757,       195.3196,       281.9765,       300.3459,       235.5462,       427.4817,     80306.5938,     73069.4844,         0.7401,         0.5935,         0.7017,      -210.0394,       150.0000,         0.0000,         0.0178,         0.0994,         0.0764,         0.0014,         0.0000,         0.0163,         0.0066,         0.0433,         0.0875,         2.6234,         5.2122,         7.4463,         7.7316,         7.8331,         7.9188,         7.9968,         0.0428
     79,         0.0000,         3.0340,         6.4110,         6.4110,         3.1341,        -3.2768,         2.3562,         0.2491,         0.6716,         0.9122,         0.0613,         1.3408,         0.7491,         0.0709,        44.0000,        13.9812,         0.0000,         0.0703,       283.3067,       200.6183,       300.6766,       282.9010,       233.8259,       433.2502,     80261.5469,     73082.1172,         0.7284,         0.7230,         0.7626,      -159.2519,       150.0000,         0.0000,         0.0151,         0.1936,         0.1196,         0.0003,         0.0000,         0.0148,         0.0337,         0.0290,         0.1785,         3.7850,         5.5610,         8.1999,         8.5531,         8.6806,         8.7853,         8.8795,         0.0619
     80,         0.0000,         2.9387,         6.6184,         6.6184,         3.9336,        -2.6848,         1.8517,         0.2138,         0.6193,         1.0759,         0.0774,         1.7331,         0.9567,         0.0906,        44.0000,        13.9812,         0.0000,         0.0703,       294.9011,       205.6647,       317.9737,       257.3183,       231.1856,       437.1497,     80203.4531,     73098.5234,         0.7430,         0.6582,         0.7115,      -209.5827,       150.0000,         0.0000,         0.0176,         0.2446,         0.1870,        -0.0001,         0.0000,         0.0177,         0.0073,         0.0852,         0.1260,         1.3152,         5.8284,         9.0339,         9.4065,         9.5271,         9.6265,         9.7156,         0.0964
     81,         0.0000,         2.8789,         5.8493,         5.8493,         3.5236,        -2.3257,         1.5446,         0.1927,         0.5883,         0.8964,         0.0689,         1.5977,         0.8775,         0.0832,        44.0000,        13.9812,         0.0000,         0.0703,       304.2986,       210.3651,       333.4734,       243.4766,       229.0905,       437.5793,     80150.0703,     73112.9609,         0.7634,         0.7590,         0.7557,      -181.4535,       150.0000,         0.0000,         0.0136,         0.2176,         0.2017,         0.0009,         0.0000,         0.0127,         0.0504,         0.0398,         0.3424,         0.7205,         5.3270,         8.9766,         9.4148,         9.5410,         9.6390,         9.7275,         0.1206
     82,         0.0000,         2.3960,         5.1321,         5.1321,         3.0639,        -2.0682,         1.4094,         0.1674,         0.4914,         0.7529,         0.0596,         1.4060,         0.7722,         0.0732,        44.0000,        13.9812,         0.0000,         0.0703,       310.2459,       214.3929,       345.8159,       238.7402,       227.5694,       436.7384,     80102.7266,     73126.7266,         0.8316,         0.9323,         0.9385,       -74.5416,       150.0000,         0.0000,         0.0701,         0.2310,         0.1214,         0.0018,         0.0442,         0.0242,         0.0081,         1.0764,         2.1747,         3.6128,         5.4312,         8.6961,         9.1553,         9.2913,         9.3931,         9.4830,         0.0667
     83,         0.0000,         1.2093,         3.3039,         3.3039,         1.8045,        -1.4994,         1.1267,         0.1094,         0.2632,         0.4376,         0.0340,         0.8319,         0.4576,         0.0434,        44.0000,        13.9812,         0.0000,         0.0703,       302.6136,       215.6922,       347.0660,       252.6223,       227.5476,       435.9897,     80074.6953,     73138.3906,         0.7604,         0.7622,         0.8715,      -121.1608,       150.0000,         0.0000,         0.0831,         0.1374,         0.0714,         0.0080,         0.0398,         0.0353,         0.0785,         0.0578,         1.3460,         3.5259,         4.9937,         7.7230,         8.1271,         8.2584,         8.3676,         8.4653,         0.0480
     84,         0.0000,         0.0633,         1.8613,         1.8613,         1.0648,        -0.7965,         0.6589,         0.0438,         0.0938,         0.2691,         0.0192,         0.4845,         0.2667,         0.0253,        44.0000,        13.9812,         0.0000,         0.0703,       276.7450,       213.5097,       334.1751,       280.4191,       228.6574,       435.9621,     80060.7344,     73144.1016,         0.7235,         0.6680,         0.8010,      -164.4330,       150.0000,         0.0000,         0.0309,         0.0624,         0.0700,         0.0107,         0.0000,         0.0202,         0.0270,         0.0134,         0.1208,         3.2731,         4.9753,         6.9389,         7.2160,         7.3023,         7.3949,         7.4769,         0.0607
     85,         0.0000,         0.0000,         0.8512,         0.8512,         0.6220,        -0.2292,         0.1747,         0.0118,         0.0427,         0.1704,         0.0109,         0.2750,         0.1513,         0.0144,        44.0000,        13.7499,         0.0000,         0.0691,       242.6142,       210.9562,       320.1136,       319.9031,       230.2485,       436.4690,     80049.3750,     73144.1016,         0.7364,         0.7071,         0.7482,      -170.5199,       106.2500,         0.0000,         0.0097,         0.0299,         0.0326,         0.0052,         0.0000,         0.0046,         0.0081,         0.0100,         0.0467,         4.3748,         6.1509,         6.7943,         6.8344,         6.8273,         6.8624,         6.8939,         0.0226
     86,         0.0000,         0.0000,         0.0000,         0.0000,         0.0000,         0.0000,         0.0000,         0.0000,         0.0000,         0.0000,         0.0000,         0.0000,         0.0000,         0.0000,         0.0000,         0.0000,         0.0000,         0.0000,         0.0000,         0.0000,         0.0000,         0.0000,         0.0000,         0.0000,         0.0000,         0.0000,         0.0000,         0.0000,         0.0000,         0.0000,         0.0000,         0.0000,         0.0000,         0.0000,         0.0000,         0.0000,         0.0000,         0.0000,         0.0000,         0.0000,         0.0000,         0.0000,         0.0000,         0.0000,         0.0000,         0.0000,         0.0000,         0.0000,         0.0000
     87,         0.0000,         0.0000,         0.3636,         0.3636,         0.3167,        -0.0469,         0.0333,         0.0026,         0.0110,         0.0956,         0.0055,         0.1347,         0.0740,         0.0070,        44.0000,        13.7499,         0.0000,         0.0691,       223.7765,       209.6054,       312.8032,       341.5679,       231.1376,       437.0627,     80042.8984,     73144.1016,         0.7529,         0.7562,         0.8963,      -118.9595,       150.0000,         0.0000,         0.0019,         0.0148,         0.0126,         0.0005,         0.0000,         0.0014,         0.0040,         0.0088,         0.3567,         4.0125,         6.2844,         6.9240,         6.9107,         6.8779,         6.8911,         6.9045,         0.0010
     88,        -0.0286,         2.9320,         1.0339,         1.0626,         0.5541,        -0.4798,         0.3453,         0.0242,         0.1103,         0.1754,         0.0096,         0.2307,         0.1264,         0.0120,        62.0000,        13.7499,         0.0000,         0.0691,       275.8741,       207.9494,       303.6345,       363.0339,       232.2946,       438.5360,     80034.0078,     73144.1328,         0.7552,         0.7580,         0.7621,      -148.2758,       150.0000,         0.0000,         0.0045,         0.0256,         0.0186,         0.0027,         0.0000,         0.0018,         0.0042,         0.0120,         0.0541,         3.7462,         6.1908,         7.0619,         7.0843,         7.0654,         7.0768,         7.0895,         0.0074
     89,         0.0000,         0.6359,         2.4918,         2.4918,         0.8359,        -1.6559,         1.2929,         0.1066,         0.2564,         0.2798,         0.0145,         0.3392,         0.1849,         0.0176,        62.0000,        13.7499,         0.0000,         0.0691,       269.1329,       208.9821,       305.3753,       379.6902,       233.1725,       441.4465,     80023.8359,     73147.0703,         0.6739,         0.5851,         0.6578,      -243.8462,       150.0000,         0.0000,         0.0077,         0.0360,         0.0429,         0.0020,         0.0000,         0.0058,         0.0049,         0.0200,         0.0267,         0.5147,         5.1895,         7.1555,         7.2738,         7.2881,         7.3139,         7.3394,         0.0134
     90,         0.0000,         2.8235,         5.3347,         5.3347,         2.2008,        -3.1340,         2.2054,         0.2396,         0.6890,         0.7613,         0.0392,         0.8812,         0.4741,         0.0451,        62.0000,        13.7499,         0.0000,         0.0691,       280.9455,       213.8661,       322.3588,       370.1217,       232.6446,       449.4993,     79994.9531,     73157.4688,         0.7627,         0.7633,         0.5963,      -225.8306,       150.0000,         0.0000,         0.0063,         0.0983,         0.0656,        -0.0002,         0.0000,         0.0066,         0.0001,         0.0058,         0.0380,         0.1177,         4.7981,         7.6927,         7.9967,         8.0814,         8.1485,         8.2104,         0.0391
     91,         0.0000,         3.0082,         6.5338,         6.5338,         3.9133,        -2.6205,         1.7520,         0.2146,         0.6539,         1.2803,         0.0701,         1.6255,         0.8561,         0.0814,        62.0000,        13.7499,         0.0000,         0.0691,       293.4941,       218.8683,       339.1464,       334.3422,       230.5993,       459.5506,     79943.9062,     73173.1094,         0.9516,         0.9192,         0.9302,       -37.2813,       150.0000,         0.0000,         0.0223,         0.2635,         0.1187,         0.0075,         0.0000,         0.0147,         0.1611,         1.0447,         0.8559,         3.2763,         5.7417,         8.8319,         9.2176,         9.3317,         9.4244,         9.5075,         0.0619
     92,         0.0000,         2.5849,         7.1544,         7.1544,         5.0579,        -2.0965,         1.3742,         0.1754,         0.5468,         1.4777,         0.0921,         2.2266,         1.1519,         0.1097,        62.0000,        13.7499,         0.0000,         0.0691,       299.8476,       222.4664,       349.6111,       284.5494,       227.2425,       464.3891,     79871.5312,     73198.2109,         0.7437,         0.8264,         0.9372,       -98.8805,       150.0000,         0.0000,         0.2493,         0.5362,         0.0981,         0.0290,         0.1301,         0.0902,         0.0230,         0.9474,         4.9050,         5.7040,         6.8409,        10.1452,        10.5067,        10.5934,        10.6641,        10.7296,         0.0000
     93,         0.0000,         2.5317,         6.1837,         6.1837,         4.1437,        -2.0400,         1.3412,         0.1713,         0.5274,         1.0977,         0.0765,         1.8977,         0.9785,         0.0933,        62.0000,        13.7499,         0.0000,         0.0691,       305.1724,       226.2788,       361.2198,       259.7514,       224.7765,       463.1263,     79813.2266,     73216.1562,         0.7659,         0.7748,         0.9077,      -122.6055,       150.0000,         0.0000,         0.0513,         0.2995,         0.2428,         0.0136,         0.0000,         0.0377,         0.0476,         0.0901,         0.4212,         4.7735,         6.4022,         9.8417,        10.2455,        10.3457,        10.4239,        10.4986,         0.1351
     94,         0.0000,         2.0241,         4.7304,         4.7304,         2.9132,        -1.8171,         1.2500,         0.1482,         0.4189,         0.7271,         0.0531,         1.3611,         0.7047,         0.0672,        62.0000,        13.7499,         0.0000,         0.0691,       306.8465,       229.3283,       369.3925,       257.6334,       223.7561,       460.3695,     79771.4062,     73230.7188,         0.7733,         0.9061,         0.9384,       -89.8291,       150.0000,         0.0000,         0.0511,         0.2128,         0.1628,         0.0116,         0.0075,         0.0319,         0.0070,         0.1913,         2.1795,         3.9366,         5.5186,         8.7914,         9.2270,         9.3536,         9.4542,         9.5476,         0.1286
     95,         0.0000,         0.6361,         2.7078,         2.7078,         1.5422,        -1.1656,         0.9315,         0.0821,         0.1520,         0.3898,         0.0273,         0.7167,         0.3728,         0.0356,        62.0000,        13.7499,         0.0000,         0.0691,       293.6108,       228.9203,       363.2032,       275.4486,       224.4555,       459.1014,     79749.4531,     73240.4141,         0.9353,         0.9376,         0.9420,       -56.6625,       150.0000,         0.0000,         0.1195,         0.1359,         0.0219,         0.0091,         0.0693,         0.0411,         0.0126,         0.5699,         2.7248,         3.6808,         5.0677,         7.7297,         8.1120,         8.2313,         8.3375,         8.4323,         0.0000
     96,         0.0000,         0.0064,         1.6767,         1.6767,         0.9468,        -0.7299,         0.5770,         0.0400,         0.1129,         0.2483,         0.0161,         0.4344,         0.2263,         0.0216,        62.0000,        13.7499,         0.0000,         0.0691,       267.3695,       226.0333,       347.0019,       304.9420,       226.0560,       458.7116,     79736.9609,     73245.1953,         0.7412,         0.8845,         0.9428,       -92.0312,       150.0000,         0.0000,         0.0730,         0.0688,         0.0099,         0.0043,         0.0428,         0.0259,         0.0064,         0.4852,         2.9612,         4.3004,         5.5042,         7.0560,         7.2863,         7.3542,         7.4370,         7.5109,         0.0000
